ANO;TRIBO;AREA
2022;Jarawara/Jamamadi/Kanamati;0,07
2022;Kaxarari;1,09
2022;Barreira da Missão;0
2022;Igarapé Capana;0
2022;Banawá;0
2022;Kanamari do Rio Juruá;0,59
2022;Mamoadate;0,61
2022;Camadeni;0
2022;Anaro;0
2022;Alto Tarauacá;0
2022;Kampa e Isolados do Rio Envira;0,08
2022;Kulina Igarapé do Pau;0,08
2022;Karitiana;0,15
2022;Caititu;0,13
2022;Apurinã Km 124 BR-317;1,16
2022;Cacau do Tarauaca;0,08
2022;Bom Intento;0,06
2022;Macarrão;0,35
2022;São Francisco do Canimari;0
2022;Kampa do Rio Amônia;0,06
2022;Baú;0,15
2022;Krikati;0,16
2022;Kaxinawá do Rio Jordão;0,32
2022;Jaminawa do Igarapé Preto;0
2022;Kaxinawá Colônia Vinte e Sete;0
2022;Guanabara;0,07
2022;Jurubaxi-téa;0
2022;Mapari;0
2022;Peneri/Tacaquiri;1,03
2022;Évare II;0,06
2022;Igarapé do Caucho;0,06
2022;Kaxinawá Nova Olinda;0,61
2022;Alto Rio Negro;1,51
2022;Espírito Santo;0
2022;Jaminaua/Envira;0
2022;Kumaru do Lago Ualá;0
2022;Camicua;0,08
2022;Igarapé Grande;0
2022;Inauini/Teuini;0
2022;Hi Merimã;0
2022;Igarapé Taboca do Alto Tarauacá;0
2022;Barro Alto;0
2022;Cabeceira do Rio Acre;0,13
2022;Paumari do Lago Paricá;0
2022;Andirá-Marau;6,15
2022;Deni;1,85
2022;Balaio;0
2022;Campinas/Katukina;0,08
2022;Kaxinawá Ashaninka do Rio Breu;0,06
2022;Água Preta/Inari;0,14
2022;Kaxinawá do Baixo Rio Jordão;0
2022;Guajahã;0
2022;Ananás;0
2022;Sapotal;0
2022;Paraná do Arauató;0
2022;São Pedro do Sepatini;0
2022;Santana;0
2022;Igarapé Lage;1,01
2022;Kaxinawá do Rio Humaitá;0,13
2022;Mãe Maria;0,18
2022;Krenyê;0
2022;Kampa do Igarapé Primavera;0
2022;Badjonkore;0
2022;Jaminawa Arara do Rio Bagé;0,07
2022;Kaxinawá da Praia do Carapanã;0,26
2022;Alto Rio Purus;0,16
2022;Acapuri de Cima;0
2022;Betania;0
2022;Rio Guaporé;0,39
2022;Cuiu-Cuiu;0
2022;Catipari/Mamoria;0,2
2022;Lauro Sodré;0
2022;Boca do Acre;0,94
2022;Apurinã do Igarapé Mucuim;0
2022;Juma;0
2022;Igarapé Ribeirão;0,04
2022;Kulina do Medio Jurua;0,79
2022;Estrela da Paz;0,07
2022;Arara do Igarapé Humaitá;0,17
2022;Kulina do Rio Envira;0
2022;Évare I;1,18
2022;Karipuna;17,41
2022;Marajai;0
2022;Jacareúba/Katauixi (restrição uso);0
2022;Kaxinawá Seringal Independência;0,19
2022;Matintin;0
2022;Acimã;0
2022;Cué Cué/ Marabitanas;0,14
2022;Mawetek;0,29
2022;Alto Sepatini;0
2022;Apiaka/Kayabi;0,01
2022;Arara da Volta Grande do Xingu;0,22
2022;Apiaká do Pontal e Isolados;0,02
2022;Katukina/Kaxinawá;0,52
2022;Miratu;0
2022;Lago do Correio;0,04
2022;Jaquiri;0
2022;Paumari do Rio Ituxi;0
2022;Arara do Rio Amônia;0,1
2022;Paracuhuba;0
2022;Tuwa Apekuokawera;0,49
2022;Jumina;0
2022;Tikuna de Santo Antonio;0,2
2022;Nova Jacundá;0
2022;Estivadinho;0
2022;Apurinã Igarapé Tauamirim;0
2022;Juruna do Km 17;0
2022;Fortaleza do Castanho;0
2022;Capoto/Jarina;0,09
2022;Jauary;1,08
2022;Nhamundá/Mapuera;0,21
2022;Uru-Eu-Wau-Wau;1,88
2022;Santa Cruz da Nova Aliança;0
2022;Pium;0
2022;Aripuanã;3,24
2022;Uirapuru;0
2022;Wedezé;0,11
2022;Turé/Mariquita;0
2022;Itaitinga;0
2022;Taego Ãwa;0
2022;Parabubure;0
2022;Meria;0
2022;Trincheira Bacaja;14,97
2022;Nambikwara;0,06
2022;Vale do Guaporé;0,17
2022;Muriru;0
2022;Cunhã-Sapucaia;0
2022;Jarudore;0
2022;Ponte de Pedra;0
2022;Alto Rio Guamá;2,27
2022;Aningal;0
2022;Rio Paru DEste;0
2022;Menkragnoti;1,61
2022;Porquinhos;0
2022;Serra Morena;0,34
2022;Bacurizinho;0
2022;Cachoeira Seca;27,47
2022;Anambé;0,06
2022;Barreirinha;0
2022;Tumiã;0
2022;Setemã;0
2022;Fortaleza do Patauá;0
2022;Paquiçamba;0,36
2022;Maraitá;0
2022;Massaco;0
2022;Boqueirão;0
2022;Apyterewa;102,23
2022;Sawré Muybu (Pimental);0,04
2022;Recreio/São Félix;0
2022;Wawi;0
2022;Cuia;0,16
2022;Kaxuyana-Tunayana;0,23
2022;Tapirapé/Karajá;0
2022;Trocará;0,07
2022;Ariramba;0
2022;Cobra Grande;0
2022;Rio Negro Ocaia;0,43
2022;Arara;0,01
2022;Rio Gregório;0,25
2022;Parakanã;0,41
2022;Parque do Araguaia;0
2022;Nova Esperança do Rio Jandiatuba;0
2022;Ponta da Serra;0
2022;Médio Rio Negro I;0,25
2022;Murutinga/Tracaja;1,53
2022;Tukuna Umariaçu;0,18
2022;Tenharim Marmelos;0,49
2022;Canauanim;0
2022;Maraiwatsede;4,53
2022;Parana do Paricá;0
2022;Parana do Boa Boa;0
2022;Krenrehé;0
2022;Urucu/Juruá;0,07
2022;Sangradouro/Volta Grande;0
2022;Karajá de Aruanã II;0
2022;Morro Branco;0
2022;Lagoa dos Brincos;0
2022;Cana Brava/Guajajara;0,24
2022;Médio Rio Negro II;0
2022;Riozinho;0,1
2022;Rio Gregório;0
2022;Tupã-Supé;0
2022;Rio Branco;0,35
2022;Merure;0
2022;Porquinhos dos Canela-Apãnjekra;0,5
2022;Erikpatsá;0
2022;Panará;0,96
2022;Bakairi;0
2022;Apurinã do Igarapé São João;0
2022;Sururuá;0,08
2022;Uty-Xunaty;0
2022;Vista Alegre;0
2022;Mangueira;0
2022;Cacique Fontoura;0
2022;Boa Vista - AM;0
2022;Lago do Beruri;0
2022;Chão Preto;0
2022;Perigara;0
2022;Parque do Xingu;1,65
2022;Igarapé Lourdes;0,68
2022;Piripkura ( restrição de uso );0,44
2022;Paresi;0
2022;Coata-Laranjal;0,35
2022;Bom Jesus;0
2022;Paumari do Lago Marahã;0,4
2022;Estação Parecis;0
2022;Rio Biá;0,7
2022;Menkü;0,38
2022;Tubarão Latunde;0,19
2022;São Marcos - RR;0,39
2022;Sepoti;4,41
2022;Tereza Cristina;0
2022;Umutina;0
2022;Tikúna de Feijoal;0,1
2022;Kayapó;8,49
2022;Yanomami;22,8
2022;Paquiçamba;0,29
2022;Amanayé;0,58
2022;Marechal Rondon;0
2022;Lago do Marinheiro;0
2022;Moskow;0,29
2022;Raposa Serra do Sol;0,49
2022;Rio Negro Ocaia;0,59
2022;Pirititi;0,05
2022;Nove de Janeiro;0
2022;Caru;0,23
2022;Inawebohona;0
2022;Sucuba;0
2022;Torá;0
2022;Serra da Moça;0
2022;Xipaya;0,06
2022;Trocará - Doação;0
2022;Sissaíma;3,57
2022;Rio Mequens;0,07
2022;Rio Apaporis;0,07
2022;Guató;0
2022;Maracaxi;0
2022;São Domingos - MT;0
2022;Pacaas Novas;5,01
2022;Juininha;0
2022;Awa;0,27
2022;Pimentel Barbosa;0
2022;Araweté Igarapé Ipixuna;2,04
2022;Lago Jauari;0
2022;Manoa/Pium;0,78
2022;Sete de Setembro;2,05
2022;Kraolandia;0
2022;Krahó-Kanela;0
2022;Uneiuxi;0
2022;São Marcos - MT;0
2022;Kanela;0
2022;Xambioá;0
2022;Xerente;0
2022;Bragança-Marituba;0
2022;Bacurizinho;3,17
2022;Tabalascada;0,1
2022;Utiariti;0
2022;Galibi;0
2022;Pirineus de Souza;0,32
2022;Malacacheta;0,17
2022;Lagoa Comprida;0
2022;Paumari do Cuniua;0,31
2022;Gavião;0,17
2022;Poyanawa;0,07
2022;Arary;0,45
2022;Koatinemo;0,18
2022;Rio Omerê;0
2022;Truaru;0,08
2022;Diahui;0
2022;Prosperidade;0
2022;Ubawawe;0
2022;Pinatuba;0
2022;Portal do Encantado;0,25
2022;Tukuna Porto Espiritual;0,08
2022;Waiãpi;0,75
2022;Miguel/Josefa;0
2022;Sararé;1,1
2022;Rio Jumas;0
2022;Arara do Rio Branco;0,71
2022;Rodeador;0
2022;Anta;0
2022;Praia do Mangue;0
2022;Rio Formoso;0
2022;Praia do Índio;0
2022;Karajá de Aruanã III;0
2022;Santa Inez;0,05
2022;Munduruku;4,59
2022;Baía dos Guató;0
2022;Tembé;0
2022;Paumari do Lago Manissuã;0
2022;Turé/Mariquita II;0
2022;Maraã Urubaxi;0
2022;Kawahiva do Rio Pardo;0,12
2022;Pequizal;0
2022;Maró;0
2022;Enawenê-Nawê;0,46
2022;Las Casas;0
2022;Cajueiro;0
2022;Jatuarana;0
2022;Lago Capanã;0
2022;Vale do Javari;2,01
2022;Apinayé;0
2022;Itixi Mitari;0,06
2022;Parque do Tumucumaque;0
2022;Japuira;0
2022;Sai-Cinza;0,52
2022;São Sebastião;0,08
2022;Jacamim;0,1
2022;Alto Turiaçu;0,98
2022;Barata Livramento;0
2022;Vui-Uata-In;0,07
2022;Manoki;5,01
2022;Natal/Felicidade;0
2022;Ilha do Camaleão;0
2022;Kayabi;3,81
2022;Tabocal;0
2022;Sagarana;0,27
2022;Tirecatinga;0
2022;Waimiri-Atroari;1,35
2022;WaiWái;0,02
2022;Trombetas/Mapuera;0,51
2022;Terena Gleba Iriri;0,09
2022;Kwazá do Rio São Pedro;0
2022;Zuruahã;0
2022;Maranduba;0
2022;Lago do Limão;0,42
2022;Uneiuxi;0,08
2022;Araçá;0
2022;Zoró;1,42
2022;Kuruáya;0
2022;Tadarimana;0
2022;Karajá Santana do Araguaia;0
2022;Batovi;0,09
2022;Rio Urubu;0,19
2022;Pirahã;0,42
2022;Munduruku-Taquara;0,02
2022;Roosevelt;0,77
2022;São Leopoldo;0,11
2022;Governador;0
2022;Sarauá;0,49
2022;Tanaru ( restrição de uso );0
2022;Sororó;0
2022;Geralda Toco Preto;0
2022;Menkü;0
2022;Zoe;0,07
2022;Irantxe;0
2022;Rio Téa;0
2022;Apipica;0
2022;Porto Limoeiro;0
2022;Xikrin do Rio Catete;0,62
2022;Figueiras;0
2022;Riozinho do Alto Envira;0,08
2022;Lago Aiapua;0
2022;Ouro;0
2022;Utaria Wyhyna/Iròdu Iràna;0
2022;Rio Manicoré;0
2022;Uati-Paraná;0
2022;Funil;0
2022;Batelão;0
2022;Patauá;0
2022;Nukini;0,06
2022;Porto Praia;0
2022;Raimundão;0
2022;Kanela Memortumré;0,27
2022;Ipixuna;0,49
2022;Uaçá;0,83
2022;São Pedro;0
2022;Ituna/Itatá (restrição de uso);18,05
2022;Arariboia;1,29
2022;Rio Pindaré;0
2022;Areões;0
2022;Kararaô;0
2022;São Domingos do Jacapari e Estação;0
2022;Pequizal do Naruvôtu;0,24
2022;Jabuti;0
2022;Padre;0
2022;Parque do Aripuanã;0,09
2022;Ponciano;0,78
2022;Cajuhiri Atravessado;0
2022;Paukalirajausu;0
2022;Seruini/Mariene;0,64
2022;Escondido;0,1
2022;Trincheira;0
2022;Tenharim Marmelos (Gleba B);7,37
2022;Urubu Branco;0,68
2022;Taihantesu;0
2022;Tenharim do Igarapé Preto;0,08
2021;Jarawara/Jamamadi/Kanamati;0,13
2021;Kaxarari;1,29
2021;Barreira da Missão;0,07
2021;Igarapé Capana;0
2021;Banawá;0
2021;Kanamari do Rio Juruá;0,7
2021;Mamoadate;0,75
2021;Camadeni;0
2021;Anaro;0
2021;Alto Tarauacá;0
2021;Kampa e Isolados do Rio Envira;0
2021;Kulina Igarapé do Pau;0,03
2021;Karitiana;0,19
2021;Caititu;0,39
2021;Apurinã Km 124 BR-317;1,39
2021;Cacau do Tarauaca;0,08
2021;Bom Intento;0
2021;Macarrão;0
2021;São Francisco do Canimari;0,17
2021;Kampa do Rio Amônia;0,06
2021;Baú;1,29
2021;Krikati;0,2
2021;Kaxinawá do Rio Jordão;0,33
2021;Jaminawa do Igarapé Preto;0,07
2021;Kaxinawá Colônia Vinte e Sete;0
2021;Guanabara;0,09
2021;Jurubaxi-téa;0,18
2021;Mapari;0
2021;Peneri/Tacaquiri;0,47
2021;Évare II;0,73
2021;Igarapé do Caucho;0,15
2021;Kaxinawá Nova Olinda;0,31
2021;Alto Rio Negro;4,04
2021;Espírito Santo;0
2021;Jaminaua/Envira;0,24
2021;Kumaru do Lago Ualá;0,2
2021;Camicua;0,11
2021;Igarapé Grande;0,06
2021;Inauini/Teuini;0,22
2021;Hi Merimã;0
2021;Igarapé Taboca do Alto Tarauacá;0
2021;Barro Alto;0
2021;Cabeceira do Rio Acre;0,34
2021;Paumari do Lago Paricá;0
2021;Andirá-Marau;4,78
2021;Deni;0,46
2021;Balaio;0,11
2021;Campinas/Katukina;0,18
2021;Kaxinawá Ashaninka do Rio Breu;0
2021;Água Preta/Inari;0,08
2021;Kaxinawá do Baixo Rio Jordão;0,1
2021;Guajahã;0
2021;Ananás;0
2021;Sapotal;0
2021;Paraná do Arauató;0
2021;São Pedro do Sepatini;0
2021;Santana;0
2021;Igarapé Lage;0,51
2021;Kaxinawá do Rio Humaitá;0,41
2021;Mãe Maria;0,21
2021;Krenyê;0
2021;Kampa do Igarapé Primavera;0
2021;Badjonkore;0,03
2021;Jaminawa Arara do Rio Bagé;0
2021;Kaxinawá da Praia do Carapanã;0,4
2021;Alto Rio Purus;0,14
2021;Acapuri de Cima;0
2021;Betania;0,25
2021;Rio Guaporé;0,2
2021;Cuiu-Cuiu;0,11
2021;Catipari/Mamoria;0
2021;Lauro Sodré;0,2
2021;Boca do Acre;0,69
2021;Apurinã do Igarapé Mucuim;0,07
2021;Juma;0
2021;Igarapé Ribeirão;0,28
2021;Kulina do Medio Jurua;0,49
2021;Estrela da Paz;0,07
2021;Arara do Igarapé Humaitá;0
2021;Kulina do Rio Envira;0
2021;Évare I;2,6
2021;Karipuna;7,05
2021;Marajai;0
2021;Jacareúba/Katauixi (restrição uso);0,15
2021;Kaxinawá Seringal Independência;0,22
2021;Matintin;0
2021;Acimã;0
2021;Cué Cué/ Marabitanas;0,73
2021;Mawetek;0,15
2021;Alto Sepatini;0,08
2021;Apiaka/Kayabi;0,38
2021;Arara da Volta Grande do Xingu;0
2021;Apiaká do Pontal e Isolados;0,45
2021;Katukina/Kaxinawá;0,32
2021;Miratu;0,49
2021;Lago do Correio;0
2021;Jaquiri;0
2021;Paumari do Rio Ituxi;0
2021;Arara do Rio Amônia;0,07
2021;Paracuhuba;0,35
2021;Tuwa Apekuokawera;0
2021;Jumina;0
2021;Tikuna de Santo Antonio;0
2021;Nova Jacundá;0
2021;Estivadinho;0
2021;Apurinã Igarapé Tauamirim;0,14
2021;Juruna do Km 17;0
2021;Fortaleza do Castanho;0
2021;Capoto/Jarina;0,5
2021;Jauary;2,02
2021;Nhamundá/Mapuera;0,24
2021;Uru-Eu-Wau-Wau;2,37
2021;Santa Cruz da Nova Aliança;0
2021;Pium;0
2021;Aripuanã;1,57
2021;Uirapuru;0
2021;Wedezé;0,46
2021;Turé/Mariquita;0
2021;Itaitinga;0
2021;Taego Ãwa;0,19
2021;Parabubure;0
2021;Meria;0
2021;Trincheira Bacaja;35,63
2021;Nambikwara;0,95
2021;Vale do Guaporé;0,21
2021;Muriru;0
2021;Cunhã-Sapucaia;0,25
2021;Jarudore;0
2021;Ponte de Pedra;0
2021;Alto Rio Guamá;0,88
2021;Aningal;0
2021;Rio Paru DEste;0
2021;Menkragnoti;0,71
2021;Porquinhos;0
2021;Serra Morena;0
2021;Bacurizinho;0,05
2021;Cachoeira Seca;23,4
2021;Anambé;0,24
2021;Barreirinha;0,27
2021;Tumiã;0,1
2021;Setemã;0
2021;Fortaleza do Patauá;0
2021;Paquiçamba;0,16
2021;Maraitá;0
2021;Massaco;0,02
2021;Boqueirão;0
2021;Apyterewa;68,48
2021;Sawré Muybu (Pimental);0,08
2021;Recreio/São Félix;0
2021;Wawi;0
2021;Cuia;0,14
2021;Kaxuyana-Tunayana;1,14
2021;Tapirapé/Karajá;0
2021;Trocará;0
2021;Ariramba;0
2021;Cobra Grande;0,17
2021;Rio Negro Ocaia;0
2021;Arara;0,25
2021;Rio Gregório;0,27
2021;Parakanã;0,09
2021;Parque do Araguaia;0
2021;Nova Esperança do Rio Jandiatuba;0
2021;Ponta da Serra;0
2021;Médio Rio Negro I;0,21
2021;Murutinga/Tracaja;0,76
2021;Tukuna Umariaçu;0,27
2021;Tenharim Marmelos;0,69
2021;Canauanim;0,1
2021;Maraiwatsede;15,08
2021;Parana do Paricá;0
2021;Parana do Boa Boa;0,15
2021;Krenrehé;0
2021;Urucu/Juruá;0
2021;Sangradouro/Volta Grande;0
2021;Karajá de Aruanã II;0
2021;Morro Branco;0
2021;Lagoa dos Brincos;0
2021;Cana Brava/Guajajara;0,32
2021;Médio Rio Negro II;0,06
2021;Riozinho;0
2021;Rio Gregório;0,2
2021;Tupã-Supé;0
2021;Rio Branco;0,96
2021;Merure;0
2021;Porquinhos dos Canela-Apãnjekra;0,1
2021;Erikpatsá;0,1
2021;Panará;0,31
2021;Bakairi;0
2021;Apurinã do Igarapé São João;0
2021;Sururuá;0,39
2021;Uty-Xunaty;0
2021;Vista Alegre;0,07
2021;Mangueira;0
2021;Cacique Fontoura;0
2021;Boa Vista - AM;0
2021;Lago do Beruri;0
2021;Chão Preto;0
2021;Perigara;0
2021;Parque do Xingu;5,62
2021;Igarapé Lourdes;1,2
2021;Piripkura ( restrição de uso );21,42
2021;Paresi;0
2021;Coata-Laranjal;1,24
2021;Bom Jesus;0
2021;Paumari do Lago Marahã;0,08
2021;Estação Parecis;0
2021;Rio Biá;0,12
2021;Menkü;0,81
2021;Tubarão Latunde;0,28
2021;São Marcos - RR;0,94
2021;Sepoti;1,99
2021;Tereza Cristina;0
2021;Umutina;0,08
2021;Tikúna de Feijoal;0,56
2021;Kayapó;26,09
2021;Yanomami;7,2
2021;Paquiçamba;0,15
2021;Amanayé;1,08
2021;Marechal Rondon;0
2021;Lago do Marinheiro;0
2021;Moskow;0
2021;Raposa Serra do Sol;0,69
2021;Rio Negro Ocaia;0,11
2021;Pirititi;0,17
2021;Nove de Janeiro;0,06
2021;Caru;0
2021;Inawebohona;0
2021;Sucuba;0
2021;Torá;0
2021;Serra da Moça;0
2021;Xipaya;0,53
2021;Trocará - Doação;0
2021;Sissaíma;2,07
2021;Rio Mequens;0,26
2021;Rio Apaporis;0,37
2021;Guató;0
2021;Maracaxi;0
2021;São Domingos - MT;0
2021;Pacaas Novas;0,7
2021;Juininha;0
2021;Awa;0
2021;Pimentel Barbosa;0
2021;Araweté Igarapé Ipixuna;3,62
2021;Lago Jauari;0
2021;Manoa/Pium;0,07
2021;Sete de Setembro;14,58
2021;Kraolandia;0
2021;Krahó-Kanela;0
2021;Uneiuxi;0
2021;São Marcos - MT;0
2021;Kanela;0,13
2021;Xambioá;0
2021;Xerente;0
2021;Bragança-Marituba;0
2021;Bacurizinho;2,52
2021;Tabalascada;0,15
2021;Utiariti;0
2021;Galibi;0
2021;Pirineus de Souza;0
2021;Malacacheta;0,76
2021;Lagoa Comprida;0
2021;Paumari do Cuniua;0
2021;Gavião;0,01
2021;Poyanawa;0,26
2021;Arary;0
2021;Koatinemo;0,37
2021;Rio Omerê;0
2021;Truaru;0
2021;Diahui;0
2021;Prosperidade;0
2021;Ubawawe;0
2021;Pinatuba;0,43
2021;Portal do Encantado;0,57
2021;Tukuna Porto Espiritual;0,08
2021;Waiãpi;0,63
2021;Miguel/Josefa;0
2021;Sararé;1,18
2021;Rio Jumas;0
2021;Arara do Rio Branco;3,3
2021;Rodeador;0
2021;Anta;0
2021;Praia do Mangue;0
2021;Rio Formoso;0
2021;Praia do Índio;0
2021;Karajá de Aruanã III;0
2021;Santa Inez;0
2021;Munduruku;21,87
2021;Baía dos Guató;0
2021;Tembé;0
2021;Paumari do Lago Manissuã;0,42
2021;Turé/Mariquita II;0
2021;Maraã Urubaxi;0,17
2021;Kawahiva do Rio Pardo;0
2021;Pequizal;0
2021;Maró;0
2021;Enawenê-Nawê;0,28
2021;Las Casas;0
2021;Cajueiro;0
2021;Jatuarana;0
2021;Lago Capanã;0
2021;Vale do Javari;1,15
2021;Apinayé;0
2021;Itixi Mitari;0
2021;Parque do Tumucumaque;0,54
2021;Japuira;0
2021;Sai-Cinza;2,71
2021;São Sebastião;0,23
2021;Jacamim;0,06
2021;Alto Turiaçu;0,55
2021;Barata Livramento;0,15
2021;Vui-Uata-In;0,23
2021;Manoki;2,57
2021;Natal/Felicidade;0
2021;Ilha do Camaleão;0
2021;Kayabi;8,49
2021;Tabocal;0
2021;Sagarana;0,22
2021;Tirecatinga;0
2021;Waimiri-Atroari;0,74
2021;WaiWái;0,4
2021;Trombetas/Mapuera;1,07
2021;Terena Gleba Iriri;0,43
2021;Kwazá do Rio São Pedro;0,11
2021;Zuruahã;0,53
2021;Maranduba;0
2021;Lago do Limão;0,07
2021;Uneiuxi;0
2021;Araçá;0
2021;Zoró;1,39
2021;Kuruáya;0,17
2021;Tadarimana;0
2021;Karajá Santana do Araguaia;0
2021;Batovi;0,32
2021;Rio Urubu;0,17
2021;Pirahã;1,01
2021;Munduruku-Taquara;0,12
2021;Roosevelt;3,54
2021;São Leopoldo;0,38
2021;Governador;0
2021;Sarauá;2,07
2021;Tanaru ( restrição de uso );0
2021;Sororó;0,13
2021;Geralda Toco Preto;0
2021;Menkü;0
2021;Zoe;0,07
2021;Irantxe;0
2021;Rio Téa;0,14
2021;Apipica;0
2021;Porto Limoeiro;0
2021;Xikrin do Rio Catete;1,67
2021;Figueiras;0
2021;Riozinho do Alto Envira;0,07
2021;Lago Aiapua;0
2021;Ouro;0
2021;Utaria Wyhyna/Iròdu Iràna;0
2021;Rio Manicoré;0
2021;Uati-Paraná;0
2021;Funil;0
2021;Batelão;0
2021;Patauá;0
2021;Nukini;0,22
2021;Porto Praia;0
2021;Raimundão;0
2021;Kanela Memortumré;0,22
2021;Ipixuna;0,06
2021;Uaçá;0,37
2021;São Pedro;0,03
2021;Ituna/Itatá (restrição de uso);4,47
2021;Arariboia;1
2021;Rio Pindaré;0
2021;Areões;0,25
2021;Kararaô;0
2021;São Domingos do Jacapari e Estação;0
2021;Pequizal do Naruvôtu;0
2021;Jabuti;0
2021;Padre;0
2021;Parque do Aripuanã;0,44
2021;Ponciano;0,18
2021;Cajuhiri Atravessado;0,08
2021;Paukalirajausu;0,12
2021;Seruini/Mariene;0
2021;Escondido;0
2021;Trincheira;0,08
2021;Tenharim Marmelos (Gleba B);2,55
2021;Urubu Branco;0,19
2021;Taihantesu;0
2021;Tenharim do Igarapé Preto;0,14
2020;Jarawara/Jamamadi/Kanamati;0
2020;Kaxarari;2,32
2020;Barreira da Missão;0,23
2020;Igarapé Capana;0,19
2020;Banawá;0
2020;Kanamari do Rio Juruá;0,48
2020;Mamoadate;0,84
2020;Camadeni;0
2020;Anaro;0
2020;Alto Tarauacá;0
2020;Kampa e Isolados do Rio Envira;0
2020;Kulina Igarapé do Pau;0,08
2020;Karitiana;0
2020;Caititu;0,27
2020;Apurinã Km 124 BR-317;0,73
2020;Cacau do Tarauaca;0
2020;Bom Intento;0
2020;Macarrão;0,08
2020;São Francisco do Canimari;0
2020;Kampa do Rio Amônia;0,38
2020;Baú;1,25
2020;Krikati;0,52
2020;Kaxinawá do Rio Jordão;2,08
2020;Jaminawa do Igarapé Preto;0,24
2020;Kaxinawá Colônia Vinte e Sete;0
2020;Guanabara;0
2020;Jurubaxi-téa;0,21
2020;Mapari;0
2020;Peneri/Tacaquiri;0,07
2020;Évare II;0,93
2020;Igarapé do Caucho;0
2020;Kaxinawá Nova Olinda;0,18
2020;Alto Rio Negro;1,74
2020;Espírito Santo;0
2020;Jaminaua/Envira;0,09
2020;Kumaru do Lago Ualá;0
2020;Camicua;0,05
2020;Igarapé Grande;0
2020;Inauini/Teuini;0,27
2020;Hi Merimã;0
2020;Igarapé Taboca do Alto Tarauacá;0
2020;Barro Alto;0
2020;Cabeceira do Rio Acre;0,24
2020;Paumari do Lago Paricá;0
2020;Andirá-Marau;3,43
2020;Deni;1,42
2020;Balaio;0
2020;Campinas/Katukina;0,42
2020;Kaxinawá Ashaninka do Rio Breu;0
2020;Água Preta/Inari;0,44
2020;Kaxinawá do Baixo Rio Jordão;1,16
2020;Guajahã;0
2020;Ananás;0
2020;Sapotal;0
2020;Paraná do Arauató;0
2020;São Pedro do Sepatini;0
2020;Santana;0
2020;Igarapé Lage;1,91
2020;Kaxinawá do Rio Humaitá;0,27
2020;Mãe Maria;0
2020;Krenyê;0
2020;Kampa do Igarapé Primavera;0
2020;Badjonkore;2,62
2020;Jaminawa Arara do Rio Bagé;0,3
2020;Kaxinawá da Praia do Carapanã;0,17
2020;Alto Rio Purus;0,38
2020;Acapuri de Cima;0
2020;Betania;0,25
2020;Rio Guaporé;0,44
2020;Cuiu-Cuiu;0,07
2020;Catipari/Mamoria;0
2020;Lauro Sodré;0
2020;Boca do Acre;0,39
2020;Apurinã do Igarapé Mucuim;0
2020;Juma;0,07
2020;Igarapé Ribeirão;0,48
2020;Kulina do Medio Jurua;0,09
2020;Estrela da Paz;0,26
2020;Arara do Igarapé Humaitá;1,27
2020;Kulina do Rio Envira;0
2020;Évare I;1,04
2020;Karipuna;7,98
2020;Marajai;0
2020;Jacareúba/Katauixi (restrição uso);0,1
2020;Kaxinawá Seringal Independência;0
2020;Matintin;0
2020;Acimã;0,08
2020;Cué Cué/ Marabitanas;1
2020;Mawetek;0,07
2020;Alto Sepatini;0
2020;Apiaka/Kayabi;0,95
2020;Arara da Volta Grande do Xingu;0,08
2020;Apiaká do Pontal e Isolados;0,06
2020;Katukina/Kaxinawá;0,23
2020;Miratu;0
2020;Lago do Correio;0
2020;Jaquiri;0
2020;Paumari do Rio Ituxi;0
2020;Arara do Rio Amônia;0,57
2020;Paracuhuba;0,04
2020;Tuwa Apekuokawera;0
2020;Jumina;0
2020;Tikuna de Santo Antonio;0
2020;Nova Jacundá;0
2020;Estivadinho;0
2020;Apurinã Igarapé Tauamirim;0
2020;Juruna do Km 17;0
2020;Fortaleza do Castanho;0
2020;Capoto/Jarina;0,12
2020;Jauary;0,26
2020;Nhamundá/Mapuera;0,36
2020;Uru-Eu-Wau-Wau;3,29
2020;Santa Cruz da Nova Aliança;0
2020;Pium;0
2020;Aripuanã;1,04
2020;Uirapuru;0
2020;Wedezé;0
2020;Turé/Mariquita;0
2020;Itaitinga;0
2020;Taego Ãwa;0,1
2020;Parabubure;0
2020;Meria;0
2020;Trincheira Bacaja;23
2020;Nambikwara;0,07
2020;Vale do Guaporé;0,33
2020;Muriru;0
2020;Cunhã-Sapucaia;0,08
2020;Jarudore;0
2020;Ponte de Pedra;0
2020;Alto Rio Guamá;4,84
2020;Aningal;0,08
2020;Rio Paru DEste;0
2020;Menkragnoti;2,14
2020;Porquinhos;0,08
2020;Serra Morena;0,28
2020;Bacurizinho;0
2020;Cachoeira Seca;72,49
2020;Anambé;0
2020;Barreirinha;0
2020;Tumiã;0
2020;Setemã;0
2020;Fortaleza do Patauá;0
2020;Paquiçamba;0,46
2020;Maraitá;0
2020;Massaco;0
2020;Boqueirão;0
2020;Apyterewa;63,27
2020;Sawré Muybu (Pimental);1,47
2020;Recreio/São Félix;0
2020;Wawi;0,14
2020;Cuia;0,08
2020;Kaxuyana-Tunayana;1
2020;Tapirapé/Karajá;0
2020;Trocará;0
2020;Ariramba;0
2020;Cobra Grande;0
2020;Rio Negro Ocaia;0,06
2020;Arara;0,12
2020;Rio Gregório;0,37
2020;Parakanã;0,18
2020;Parque do Araguaia;0
2020;Nova Esperança do Rio Jandiatuba;0,06
2020;Ponta da Serra;0
2020;Médio Rio Negro I;1,43
2020;Murutinga/Tracaja;0,51
2020;Tukuna Umariaçu;0
2020;Tenharim Marmelos;0,63
2020;Canauanim;0,11
2020;Maraiwatsede;1,67
2020;Parana do Paricá;0
2020;Parana do Boa Boa;0,07
2020;Krenrehé;0
2020;Urucu/Juruá;0
2020;Sangradouro/Volta Grande;0
2020;Karajá de Aruanã II;0
2020;Morro Branco;0
2020;Lagoa dos Brincos;0
2020;Cana Brava/Guajajara;0
2020;Médio Rio Negro II;0,29
2020;Riozinho;0,16
2020;Rio Gregório;0,28
2020;Tupã-Supé;0
2020;Rio Branco;0,93
2020;Merure;0
2020;Porquinhos dos Canela-Apãnjekra;0,1
2020;Erikpatsá;1,31
2020;Panará;1,02
2020;Bakairi;0
2020;Apurinã do Igarapé São João;0
2020;Sururuá;0
2020;Uty-Xunaty;0
2020;Vista Alegre;0
2020;Mangueira;0
2020;Cacique Fontoura;0
2020;Boa Vista - AM;0
2020;Lago do Beruri;0,12
2020;Chão Preto;0
2020;Perigara;0
2020;Parque do Xingu;3,74
2020;Igarapé Lourdes;1,48
2020;Piripkura ( restrição de uso );0,23
2020;Paresi;0
2020;Coata-Laranjal;0,53
2020;Bom Jesus;0
2020;Paumari do Lago Marahã;0,08
2020;Estação Parecis;0
2020;Rio Biá;0,33
2020;Menkü;0,8
2020;Tubarão Latunde;0,57
2020;São Marcos - RR;0,56
2020;Sepoti;0,29
2020;Tereza Cristina;0
2020;Umutina;0
2020;Tikúna de Feijoal;0
2020;Kayapó;16,47
2020;Yanomami;9,86
2020;Paquiçamba;0,09
2020;Amanayé;1,01
2020;Marechal Rondon;0
2020;Lago do Marinheiro;0
2020;Moskow;0,27
2020;Raposa Serra do Sol;0,99
2020;Rio Negro Ocaia;0,06
2020;Pirititi;0,57
2020;Nove de Janeiro;0
2020;Caru;0
2020;Inawebohona;0
2020;Sucuba;0
2020;Torá;0
2020;Serra da Moça;0
2020;Xipaya;0,6
2020;Trocará - Doação;0
2020;Sissaíma;0,4
2020;Rio Mequens;0,08
2020;Rio Apaporis;0
2020;Guató;0
2020;Maracaxi;0
2020;São Domingos - MT;0
2020;Pacaas Novas;1,18
2020;Juininha;0
2020;Awa;0,73
2020;Pimentel Barbosa;0
2020;Araweté Igarapé Ipixuna;1,05
2020;Lago Jauari;0
2020;Manoa/Pium;1,3
2020;Sete de Setembro;2,99
2020;Kraolandia;0
2020;Krahó-Kanela;0
2020;Uneiuxi;0
2020;São Marcos - MT;0
2020;Kanela;0
2020;Xambioá;0
2020;Xerente;0
2020;Bragança-Marituba;0
2020;Bacurizinho;0,62
2020;Tabalascada;0,1
2020;Utiariti;0,19
2020;Galibi;0
2020;Pirineus de Souza;0
2020;Malacacheta;0,24
2020;Lagoa Comprida;0
2020;Paumari do Cuniua;0
2020;Gavião;0,07
2020;Poyanawa;0
2020;Arary;0
2020;Koatinemo;0,84
2020;Rio Omerê;0
2020;Truaru;0
2020;Diahui;0,07
2020;Prosperidade;0
2020;Ubawawe;0
2020;Pinatuba;0,2
2020;Portal do Encantado;3,86
2020;Tukuna Porto Espiritual;0
2020;Waiãpi;0,52
2020;Miguel/Josefa;0
2020;Sararé;0,11
2020;Rio Jumas;0
2020;Arara do Rio Branco;1,25
2020;Rodeador;0
2020;Anta;0
2020;Praia do Mangue;0
2020;Rio Formoso;0
2020;Praia do Índio;0
2020;Karajá de Aruanã III;0
2020;Santa Inez;0
2020;Munduruku;20,52
2020;Baía dos Guató;0,09
2020;Tembé;0
2020;Paumari do Lago Manissuã;0
2020;Turé/Mariquita II;0
2020;Maraã Urubaxi;0
2020;Kawahiva do Rio Pardo;0,1
2020;Pequizal;0
2020;Maró;0
2020;Enawenê-Nawê;0,09
2020;Las Casas;0
2020;Cajueiro;0
2020;Jatuarana;0
2020;Lago Capanã;0
2020;Vale do Javari;1,37
2020;Apinayé;0
2020;Itixi Mitari;0
2020;Parque do Tumucumaque;0
2020;Japuira;0
2020;Sai-Cinza;3,05
2020;São Sebastião;0,22
2020;Jacamim;0,14
2020;Alto Turiaçu;9,43
2020;Barata Livramento;0
2020;Vui-Uata-In;0,16
2020;Manoki;14,55
2020;Natal/Felicidade;0
2020;Ilha do Camaleão;0
2020;Kayabi;3,29
2020;Tabocal;0
2020;Sagarana;0
2020;Tirecatinga;0
2020;Waimiri-Atroari;1,15
2020;WaiWái;0,16
2020;Trombetas/Mapuera;0,7
2020;Terena Gleba Iriri;6,42
2020;Kwazá do Rio São Pedro;0
2020;Zuruahã;0
2020;Maranduba;0
2020;Lago do Limão;0,02
2020;Uneiuxi;0
2020;Araçá;0
2020;Zoró;2,86
2020;Kuruáya;0
2020;Tadarimana;0
2020;Karajá Santana do Araguaia;0
2020;Batovi;0,19
2020;Rio Urubu;0
2020;Pirahã;0,08
2020;Munduruku-Taquara;0
2020;Roosevelt;1,28
2020;São Leopoldo;0
2020;Governador;0
2020;Sarauá;1,77
2020;Tanaru ( restrição de uso );0
2020;Sororó;0,09
2020;Geralda Toco Preto;0,02
2020;Menkü;0
2020;Zoe;0
2020;Irantxe;0
2020;Rio Téa;0,16
2020;Apipica;0
2020;Porto Limoeiro;0
2020;Xikrin do Rio Catete;1,28
2020;Figueiras;0
2020;Riozinho do Alto Envira;0
2020;Lago Aiapua;0
2020;Ouro;0
2020;Utaria Wyhyna/Iròdu Iràna;0
2020;Rio Manicoré;0,25
2020;Uati-Paraná;0
2020;Funil;0
2020;Batelão;0
2020;Patauá;0
2020;Nukini;0,3
2020;Porto Praia;0
2020;Raimundão;0
2020;Kanela Memortumré;0,08
2020;Ipixuna;0
2020;Uaçá;0,4
2020;São Pedro;0
2020;Ituna/Itatá (restrição de uso);61,68
2020;Arariboia;1,09
2020;Rio Pindaré;0
2020;Areões;0
2020;Kararaô;0
2020;São Domingos do Jacapari e Estação;0,07
2020;Pequizal do Naruvôtu;0
2020;Jabuti;0
2020;Padre;0
2020;Parque do Aripuanã;0,47
2020;Ponciano;0
2020;Cajuhiri Atravessado;0
2020;Paukalirajausu;0
2020;Seruini/Mariene;0
2020;Escondido;0
2020;Trincheira;0
2020;Tenharim Marmelos (Gleba B);0,7
2020;Urubu Branco;14,66
2020;Taihantesu;0
2020;Tenharim do Igarapé Preto;0
2019;Jarawara/Jamamadi/Kanamati;0,06
2019;Kaxarari;0,57
2019;Barreira da Missão;0
2019;Igarapé Capana;0
2019;Banawá;0
2019;Kanamari do Rio Juruá;0,03
2019;Mamoadate;1,27
2019;Camadeni;0,07
2019;Anaro;0
2019;Alto Tarauacá;0
2019;Kampa e Isolados do Rio Envira;0,17
2019;Kulina Igarapé do Pau;0
2019;Karitiana;0
2019;Caititu;0
2019;Apurinã Km 124 BR-317;1,33
2019;Cacau do Tarauaca;0
2019;Bom Intento;0
2019;Macarrão;0,21
2019;São Francisco do Canimari;0
2019;Kampa do Rio Amônia;0,07
2019;Baú;0,36
2019;Krikati;1,14
2019;Kaxinawá do Rio Jordão;0,41
2019;Jaminawa do Igarapé Preto;0
2019;Kaxinawá Colônia Vinte e Sete;0
2019;Guanabara;0
2019;Jurubaxi-téa;0,21
2019;Mapari;0
2019;Peneri/Tacaquiri;0
2019;Évare II;0,91
2019;Igarapé do Caucho;0
2019;Kaxinawá Nova Olinda;0,16
2019;Alto Rio Negro;3,13
2019;Espírito Santo;0
2019;Jaminaua/Envira;0,07
2019;Kumaru do Lago Ualá;0
2019;Camicua;0
2019;Igarapé Grande;0
2019;Inauini/Teuini;0,08
2019;Hi Merimã;0
2019;Igarapé Taboca do Alto Tarauacá;0
2019;Barro Alto;0
2019;Cabeceira do Rio Acre;0,23
2019;Paumari do Lago Paricá;0
2019;Andirá-Marau;4,08
2019;Deni;0,93
2019;Balaio;0,26
2019;Campinas/Katukina;0
2019;Kaxinawá Ashaninka do Rio Breu;0
2019;Água Preta/Inari;0
2019;Kaxinawá do Baixo Rio Jordão;0,18
2019;Guajahã;0
2019;Ananás;0
2019;Sapotal;0
2019;Paraná do Arauató;0,07
2019;São Pedro do Sepatini;0
2019;Santana;0
2019;Igarapé Lage;1,58
2019;Kaxinawá do Rio Humaitá;0
2019;Mãe Maria;0,26
2019;Krenyê;0
2019;Kampa do Igarapé Primavera;0,16
2019;Badjonkore;0
2019;Jaminawa Arara do Rio Bagé;0,06
2019;Kaxinawá da Praia do Carapanã;0,17
2019;Alto Rio Purus;0,12
2019;Acapuri de Cima;0
2019;Betania;0
2019;Rio Guaporé;0
2019;Cuiu-Cuiu;0
2019;Catipari/Mamoria;0,16
2019;Lauro Sodré;0
2019;Boca do Acre;0,72
2019;Apurinã do Igarapé Mucuim;0
2019;Juma;0
2019;Igarapé Ribeirão;0,24
2019;Kulina do Medio Jurua;0
2019;Estrela da Paz;0,08
2019;Arara do Igarapé Humaitá;0,29
2019;Kulina do Rio Envira;0
2019;Évare I;2,93
2019;Karipuna;10,83
2019;Marajai;0
2019;Jacareúba/Katauixi (restrição uso);0,17
2019;Kaxinawá Seringal Independência;0,34
2019;Matintin;0
2019;Acimã;0
2019;Cué Cué/ Marabitanas;0,49
2019;Mawetek;0
2019;Alto Sepatini;0
2019;Apiaka/Kayabi;0
2019;Arara da Volta Grande do Xingu;0,5
2019;Apiaká do Pontal e Isolados;0
2019;Katukina/Kaxinawá;0,15
2019;Miratu;0,15
2019;Lago do Correio;0,15
2019;Jaquiri;0
2019;Paumari do Rio Ituxi;0
2019;Arara do Rio Amônia;0
2019;Paracuhuba;0,12
2019;Tuwa Apekuokawera;0,13
2019;Jumina;0
2019;Tikuna de Santo Antonio;0,12
2019;Nova Jacundá;0
2019;Estivadinho;0
2019;Apurinã Igarapé Tauamirim;0
2019;Juruna do Km 17;0
2019;Fortaleza do Castanho;0
2019;Capoto/Jarina;0,08
2019;Jauary;0,2
2019;Nhamundá/Mapuera;2,07
2019;Uru-Eu-Wau-Wau;10,78
2019;Santa Cruz da Nova Aliança;0
2019;Pium;0
2019;Aripuanã;0,27
2019;Uirapuru;0
2019;Wedezé;0
2019;Turé/Mariquita;0,1
2019;Itaitinga;0
2019;Taego Ãwa;0
2019;Parabubure;0
2019;Meria;0
2019;Trincheira Bacaja;34,63
2019;Nambikwara;0,15
2019;Vale do Guaporé;0,1
2019;Muriru;0
2019;Cunhã-Sapucaia;0,14
2019;Jarudore;0
2019;Ponte de Pedra;0
2019;Alto Rio Guamá;2,31
2019;Aningal;0,33
2019;Rio Paru DEste;0,52
2019;Menkragnoti;0,72
2019;Porquinhos;0
2019;Serra Morena;0,09
2019;Bacurizinho;0,07
2019;Cachoeira Seca;61,3
2019;Anambé;0
2019;Barreirinha;0
2019;Tumiã;0,08
2019;Setemã;0
2019;Fortaleza do Patauá;0
2019;Paquiçamba;0,75
2019;Maraitá;0
2019;Massaco;0,04
2019;Boqueirão;0,14
2019;Apyterewa;85,27
2019;Sawré Muybu (Pimental);1,05
2019;Recreio/São Félix;0
2019;Wawi;0
2019;Cuia;0
2019;Kaxuyana-Tunayana;1,18
2019;Tapirapé/Karajá;0
2019;Trocará;0
2019;Ariramba;0
2019;Cobra Grande;0
2019;Rio Negro Ocaia;0
2019;Arara;0,04
2019;Rio Gregório;0,72
2019;Parakanã;0
2019;Parque do Araguaia;0
2019;Nova Esperança do Rio Jandiatuba;0
2019;Ponta da Serra;0
2019;Médio Rio Negro I;1,75
2019;Murutinga/Tracaja;0,61
2019;Tukuna Umariaçu;0,07
2019;Tenharim Marmelos;0,22
2019;Canauanim;0,74
2019;Maraiwatsede;0,99
2019;Parana do Paricá;0
2019;Parana do Boa Boa;0
2019;Krenrehé;0
2019;Urucu/Juruá;0
2019;Sangradouro/Volta Grande;0
2019;Karajá de Aruanã II;0
2019;Morro Branco;0
2019;Lagoa dos Brincos;0
2019;Cana Brava/Guajajara;0
2019;Médio Rio Negro II;0,14
2019;Riozinho;0
2019;Rio Gregório;0,22
2019;Tupã-Supé;0
2019;Rio Branco;0,67
2019;Merure;0
2019;Porquinhos dos Canela-Apãnjekra;0,36
2019;Erikpatsá;0
2019;Panará;0,28
2019;Bakairi;0
2019;Apurinã do Igarapé São João;0
2019;Sururuá;0,07
2019;Uty-Xunaty;0
2019;Vista Alegre;0,31
2019;Mangueira;0
2019;Cacique Fontoura;0
2019;Boa Vista - AM;0
2019;Lago do Beruri;0
2019;Chão Preto;0
2019;Perigara;0
2019;Parque do Xingu;1,11
2019;Igarapé Lourdes;2,24
2019;Piripkura ( restrição de uso );0,83
2019;Paresi;0
2019;Coata-Laranjal;0,62
2019;Bom Jesus;0
2019;Paumari do Lago Marahã;0,27
2019;Estação Parecis;0
2019;Rio Biá;0,14
2019;Menkü;3,47
2019;Tubarão Latunde;0,4
2019;São Marcos - RR;1,38
2019;Sepoti;0
2019;Tereza Cristina;0
2019;Umutina;0,41
2019;Tikúna de Feijoal;0,07
2019;Kayapó;20,07
2019;Yanomami;29,9
2019;Paquiçamba;0,2
2019;Amanayé;0,37
2019;Marechal Rondon;0
2019;Lago do Marinheiro;0
2019;Moskow;0,74
2019;Raposa Serra do Sol;2,75
2019;Rio Negro Ocaia;0
2019;Pirititi;0,65
2019;Nove de Janeiro;0,43
2019;Caru;0
2019;Inawebohona;0
2019;Sucuba;0,2
2019;Torá;0
2019;Serra da Moça;0
2019;Xipaya;0
2019;Trocará - Doação;0
2019;Sissaíma;1,06
2019;Rio Mequens;0,02
2019;Rio Apaporis;0
2019;Guató;0
2019;Maracaxi;0
2019;São Domingos - MT;0
2019;Pacaas Novas;0,42
2019;Juininha;0
2019;Awa;0
2019;Pimentel Barbosa;0
2019;Araweté Igarapé Ipixuna;1,23
2019;Lago Jauari;0
2019;Manoa/Pium;1,46
2019;Sete de Setembro;3,92
2019;Kraolandia;0
2019;Krahó-Kanela;0
2019;Uneiuxi;0
2019;São Marcos - MT;0
2019;Kanela;0,47
2019;Xambioá;0
2019;Xerente;0
2019;Bragança-Marituba;0
2019;Bacurizinho;1,1
2019;Tabalascada;0,69
2019;Utiariti;0
2019;Galibi;0,15
2019;Pirineus de Souza;0
2019;Malacacheta;2,75
2019;Lagoa Comprida;0,07
2019;Paumari do Cuniua;0,07
2019;Gavião;0
2019;Poyanawa;0
2019;Arary;0
2019;Koatinemo;0,23
2019;Rio Omerê;0,02
2019;Truaru;0,07
2019;Diahui;0
2019;Prosperidade;0
2019;Ubawawe;0
2019;Pinatuba;0
2019;Portal do Encantado;4,06
2019;Tukuna Porto Espiritual;0,14
2019;Waiãpi;1,07
2019;Miguel/Josefa;0
2019;Sararé;0
2019;Rio Jumas;0
2019;Arara do Rio Branco;0,46
2019;Rodeador;0,07
2019;Anta;0,07
2019;Praia do Mangue;0
2019;Rio Formoso;0
2019;Praia do Índio;0
2019;Karajá de Aruanã III;0
2019;Santa Inez;0
2019;Munduruku;18,35
2019;Baía dos Guató;0
2019;Tembé;0,13
2019;Paumari do Lago Manissuã;0
2019;Turé/Mariquita II;0
2019;Maraã Urubaxi;0,2
2019;Kawahiva do Rio Pardo;0
2019;Pequizal;0
2019;Maró;0
2019;Enawenê-Nawê;0,47
2019;Las Casas;0
2019;Cajueiro;0
2019;Jatuarana;0
2019;Lago Capanã;0
2019;Vale do Javari;2,72
2019;Apinayé;0,07
2019;Itixi Mitari;0
2019;Parque do Tumucumaque;0,34
2019;Japuira;0
2019;Sai-Cinza;0,16
2019;São Sebastião;0,17
2019;Jacamim;0
2019;Alto Turiaçu;1,19
2019;Barata Livramento;0
2019;Vui-Uata-In;0
2019;Manoki;4,53
2019;Natal/Felicidade;0
2019;Ilha do Camaleão;0
2019;Kayabi;0,95
2019;Tabocal;0
2019;Sagarana;0
2019;Tirecatinga;0
2019;Waimiri-Atroari;1,04
2019;WaiWái;0,38
2019;Trombetas/Mapuera;0,81
2019;Terena Gleba Iriri;0,14
2019;Kwazá do Rio São Pedro;0
2019;Zuruahã;0,83
2019;Maranduba;0
2019;Lago do Limão;0,31
2019;Uneiuxi;0
2019;Araçá;0,19
2019;Zoró;2,93
2019;Kuruáya;0
2019;Tadarimana;0
2019;Karajá Santana do Araguaia;0
2019;Batovi;0
2019;Rio Urubu;0,23
2019;Pirahã;0,6
2019;Munduruku-Taquara;0
2019;Roosevelt;0,81
2019;São Leopoldo;0
2019;Governador;0
2019;Sarauá;1,25
2019;Tanaru ( restrição de uso );0
2019;Sororó;0,41
2019;Geralda Toco Preto;0
2019;Menkü;0
2019;Zoe;0
2019;Irantxe;0
2019;Rio Téa;0,1
2019;Apipica;0
2019;Porto Limoeiro;0
2019;Xikrin do Rio Catete;0,47
2019;Figueiras;0
2019;Riozinho do Alto Envira;0,08
2019;Lago Aiapua;0
2019;Ouro;0
2019;Utaria Wyhyna/Iròdu Iràna;0
2019;Rio Manicoré;0
2019;Uati-Paraná;0,15
2019;Funil;0
2019;Batelão;0,06
2019;Patauá;0,09
2019;Nukini;0,85
2019;Porto Praia;0
2019;Raimundão;0,12
2019;Kanela Memortumré;0
2019;Ipixuna;0
2019;Uaçá;3,75
2019;São Pedro;0
2019;Ituna/Itatá (restrição de uso);119,96
2019;Arariboia;1,43
2019;Rio Pindaré;0
2019;Areões;0
2019;Kararaô;0
2019;São Domingos do Jacapari e Estação;0
2019;Pequizal do Naruvôtu;0
2019;Jabuti;0
2019;Padre;0
2019;Parque do Aripuanã;0,27
2019;Ponciano;0,13
2019;Cajuhiri Atravessado;0
2019;Paukalirajausu;0
2019;Seruini/Mariene;0
2019;Escondido;0,07
2019;Trincheira;0,11
2019;Tenharim Marmelos (Gleba B);0,15
2019;Urubu Branco;0,12
2019;Taihantesu;0
2019;Tenharim do Igarapé Preto;0,13
